{
  "version": 1,
  "author": "Muhammad Ifdhal Rumalutur",
  "editor": "wokwi",
  "parts": [
    { "type": "wokwi-esp32-devkit-v1", "id": "esp", "top": -3.97, "left": -72.92, "attrs": {} },
    {
      "type": "wokwi-dht22",
      "id": "dht1",
      "top": 179.47,
      "left": 166.67,
      "rotate": 180,
      "attrs": { "temperature": "48.1", "humidity": "71" }
    },
    {
      "type": "wokwi-lcd2004",
      "id": "lcd1",
      "top": -198.13,
      "left": -210.51,
      "attrs": { "pins": "i2c" }
    },
    {
      "type": "wokwi-led",
      "id": "led2",
      "top": -73.99,
      "left": 217.46,
      "attrs": { "color": "orange", "flip": "1" }
    },
    {
      "type": "wokwi-resistor",
      "id": "r2",
      "top": 66.45,
      "left": 117.85,
      "attrs": { "value": "1000" }
    },
    {
      "type": "wokwi-resistor",
      "id": "r1",
      "top": 86.94,
      "left": 118.09,
      "attrs": { "value": "1000" }
    },
    {
      "type": "wokwi-buzzer",
      "id": "bz1",
      "top": -96.72,
      "left": 293.48,
      "attrs": { "volume": "0.1" }
    }
  ],
  "connections": [
    [ "esp:TX0", "$serialMonitor:RX", "", [] ],
    [ "esp:RX0", "$serialMonitor:TX", "", [] ],
    [ "dht1:VCC", "esp:3V3", "red", [ "v0" ] ],
    [ "esp:GND.1", "dht1:GND", "black", [ "h0" ] ],
    [ "dht1:SDA", "esp:D15", "green", [ "v0" ] ],
    [ "lcd1:SCL", "esp:D22", "limegreen", [ "v-76.78", "h358.93", "v249.93" ] ],
    [ "lcd1:SDA", "esp:D21", "limegreen", [ "v-84.91", "h370.12", "v296.46" ] ],
    [ "lcd1:VCC", "esp:VIN", "red", [ "h-32.63", "v316.65" ] ],
    [ "lcd1:GND", "esp:GND.2", "black", [ "h-12.12", "v316.65" ] ],
    [ "esp:GND.1", "led2:C", "black", [ "h0" ] ],
    [ "esp:D18", "r2:1", "gold", [ "h0" ] ],
    [ "r2:2", "led2:A", "gold", [ "v-0.15", "h55.81" ] ],
    [ "r1:1", "esp:D5", "red", [ "v0" ] ],
    [ "r1:2", "bz1:1", "green", [ "h141.96", "v-109.66" ] ],
    [ "bz1:2", "esp:GND.1", "green", [ "v0" ] ]
  ],
  "dependencies": {}
}